"P_MUNIC","var_muni","n"
19100,0.250008284263571,24478
19256,0.217958186950564,15083
41551,0.242691863769475,15588
52001,0.246618697571261,26817
66001,0.201694637342653,14958
